<server description="Sample Liberty server">

  <featureManager>
      <feature>jaxrs-2.0</feature>
      <feature>servlet-3.1</feature>
  </featureManager>

  <httpEndpoint httpPort="${default.http.port}" httpsPort="${default.https.port}"
      id="defaultHttpEndpoint" host="*" />



  <!-- Automatically expand WAR files and EAR files -->
  <applicationManager autoExpand="true"/>

  <applicationMonitor pollingRate="1000ms"/>

  <webApplication name="javalibertywebapp" location="${app.location}" contextRoot="/"/>

</server>
